{"cameraMode":{"drawMode":0,"name":"Shaded","section":"Shading Mode"},"sceneLighting":true,"audioPlay":false,"sceneViewState":{"showFog":true,"showMaterialUpdate":true,"showSkybox":true,"showFlares":true,"showImageEffects":true,"showParticleSystems":true},"in2DMode":false,"pivot":{"x":2.261305093765259,"y":-13.703386306762696,"z":36.030113220214847},"rotation":{"x":0.24960735440254212,"y":-0.015981655567884446,"z":0.004120119381695986,"w":0.9682074785232544},"size":17.692110061645509,"orthographic":false}