{"cameraMode":{"drawMode":0,"name":"Shaded","section":"Shading Mode"},"sceneLighting":false,"audioPlay":false,"sceneViewState":{"showFog":true,"showMaterialUpdate":true,"showSkybox":false,"showFlares":true,"showImageEffects":true,"showParticleSystems":true},"in2DMode":false,"pivot":{"x":1.0382053852081299,"y":-0.22581714391708375,"z":0.38080573081970217},"rotation":{"x":-0.14571140706539155,"y":0.1190020889043808,"z":-0.017658062279224397,"w":-0.9819858074188232},"size":1.6158974170684815,"orthographic":false}