{"cameraMode":{"drawMode":0,"name":"Shaded","section":"Shading Mode"},"sceneLighting":false,"audioPlay":false,"sceneViewState":{"showFog":true,"showMaterialUpdate":true,"showSkybox":false,"showFlares":true,"showImageEffects":true,"showParticleSystems":true},"in2DMode":false,"pivot":{"x":-0.00574783980846405,"y":0.6092387437820435,"z":0.007617577910423279},"rotation":{"x":0.14231999218463899,"y":-0.00927969440817833,"z":0.0013305586762726307,"w":0.9897840619087219},"size":0.6175231337547302,"orthographic":false}