{"cameraMode":{"drawMode":0,"name":"Shaded","section":"Shading Mode"},"sceneLighting":false,"audioPlay":false,"sceneViewState":{"showFog":true,"showMaterialUpdate":true,"showSkybox":false,"showFlares":true,"showImageEffects":true,"showParticleSystems":true},"in2DMode":false,"pivot":{"x":0.40063756704330447,"y":-0.3644310534000397,"z":0.1191895604133606},"rotation":{"x":-0.04630473628640175,"y":-0.713722288608551,"z":0.047397468239068988,"w":-0.697304368019104},"size":0.01655711978673935,"orthographic":false}