{"cameraMode":{"drawMode":0,"name":"Shaded","section":"Shading Mode"},"sceneLighting":false,"audioPlay":false,"sceneViewState":{"showFog":true,"showMaterialUpdate":true,"showSkybox":false,"showFlares":true,"showImageEffects":true,"showParticleSystems":true},"in2DMode":false,"pivot":{"x":0.10543745756149292,"y":0.00041621923446655273,"z":-0.00017933547496795654},"rotation":{"x":-0.3575498163700104,"y":0.3245282471179962,"z":-0.13408781588077546,"w":-0.8653790354728699},"size":1.111243486404419,"orthographic":false}