{"cameraMode":{"drawMode":0,"name":"Shaded","section":"Shading Mode"},"sceneLighting":true,"audioPlay":false,"sceneViewState":{"showFog":true,"showMaterialUpdate":true,"showSkybox":true,"showFlares":true,"showImageEffects":true,"showParticleSystems":true},"in2DMode":false,"pivot":{"x":-372.2854309082031,"y":52.921485900878909,"z":-38.97047424316406},"rotation":{"x":-0.26558029651641848,"y":-0.0052087800577282909,"z":0.0014348541153594852,"w":-0.9640743136405945},"size":11.354385375976563,"orthographic":false}