{"cameraMode":{"drawMode":0,"name":"Shaded","section":"Shading Mode"},"sceneLighting":false,"audioPlay":false,"sceneViewState":{"showFog":true,"showMaterialUpdate":true,"showSkybox":false,"showFlares":true,"showImageEffects":true,"showParticleSystems":true},"in2DMode":false,"pivot":{"x":0.006517201662063599,"y":0.06586171686649323,"z":0.000019729137420654297},"rotation":{"x":-0.07126446068286896,"y":-0.9043119549751282,"z":0.16671070456504823,"w":-0.38649147748947146},"size":0.6083694100379944,"orthographic":false}