{"cameraMode":{"drawMode":0,"name":"Shaded","section":"Shading Mode"},"sceneLighting":false,"audioPlay":false,"sceneViewState":{"showFog":true,"showMaterialUpdate":false,"showSkybox":false,"showFlares":true,"showImageEffects":true,"showParticleSystems":true},"in2DMode":false,"pivot":{"x":-15.73141860961914,"y":2.637756824493408,"z":-27.49597930908203},"rotation":{"x":0.3013523519039154,"y":-0.03402170166373253,"z":0.010760306380689145,"w":0.9528533816337586},"size":1.3943339586257935,"orthographic":false}