{"cameraMode":{"drawMode":0,"name":"Shaded","section":"Shading Mode"},"sceneLighting":false,"audioPlay":false,"sceneViewState":{"showFog":true,"showMaterialUpdate":true,"showSkybox":false,"showFlares":true,"showImageEffects":true,"showParticleSystems":true},"in2DMode":false,"pivot":{"x":0.006517201662063599,"y":0.06586171686649323,"z":0.000019729137420654297},"rotation":{"x":0.4316261112689972,"y":0.1623082011938095,"z":-0.07926833629608154,"w":0.8837897777557373},"size":0.6083694100379944,"orthographic":false}