{"cameraMode":{"drawMode":0,"name":"Shaded","section":"Shading Mode"},"sceneLighting":false,"audioPlay":false,"sceneViewState":{"showFog":true,"showMaterialUpdate":true,"showSkybox":false,"showFlares":true,"showImageEffects":true,"showParticleSystems":true},"in2DMode":false,"pivot":{"x":0.0,"y":1.148146390914917,"z":0.028115734457969667},"rotation":{"x":-0.26558029651641848,"y":-0.0052087800577282909,"z":0.0014348541153594852,"w":-0.9640743136405945},"size":1.3543709516525269,"orthographic":false}