{"cameraMode":{"drawMode":0,"name":"Shaded","section":"Shading Mode"},"sceneLighting":false,"audioPlay":false,"sceneViewState":{"showFog":true,"showMaterialUpdate":true,"showSkybox":false,"showFlares":true,"showImageEffects":true,"showParticleSystems":true},"in2DMode":false,"pivot":{"x":13.732100486755371,"y":0.012910578399896622,"z":-8.649726867675782},"rotation":{"x":-0.033542290329933169,"y":-0.9575434923171997,"z":0.12451223284006119,"w":-0.2578853964805603},"size":0.6083695292472839,"orthographic":false}