{"cameraMode":{"drawMode":0,"name":"Shaded","section":"Shading Mode"},"sceneLighting":true,"audioPlay":false,"sceneViewState":{"m_AlwaysRefresh":true,"showFog":true,"showSkybox":true,"showFlares":true,"showImageEffects":true,"showParticleSystems":true,"showVisualEffectGraphs":true,"m_FxEnabled":true},"in2DMode":false,"pivot":{"x":-8.764873504638672,"y":0.09328079223632813,"z":-26.395353317260743},"rotation":{"x":-0.07336831837892533,"y":-0.9264466166496277,"z":0.2504240870475769,"w":-0.27139559388160708},"size":33.995635986328128,"orthographic":false}